Categoria;(Todas)
;
Etiquetas de fila;
 agua orizon 500;
 agua saborisada 1.5;
 cerveza 361;
´jugo pindapoy manzana 1l;
361 lager 710;
361 lager x1l;
3D original sabor queso x85g;
7up 1,5L;
9 de oro clasicos x200g;
ACEITUNAS MORIXE ;
ades caja de 1 litro;
ADES MULTIFRUTAX200ML;
agua caliente para el mate ;
agua de 2 litros ;
agua mineral manaos 600;
AGUA VILLAMANAOS 2L;
AGUA VILLAMANAOS 600CM3;
aguila minitorta brownie x71,5g;
aguila minitorta clasica x69g;
alfajor bon o bon blanco x40g;
alfajor bon o bon negro x40g;
ALFAJOR FANTOCHE MINI TORTA BLANCO;
alfajor fantoche triple blanco x85g;
alfajor fantoche triple negro x85g;
ALFAJOR GENIO BLANCO 60g;
alfajor guaymallen blanco x70gr;
alfajor guaymallen negro x70gr;
alfajor hamlet x34,5g;
ALFAJOR MILKA MOUSSE 55g;
ALFAJOR MILKA MOUSSE BLANCO;
ALFAJOR MILKA OREO;
alfajor oreo triple x56g;
alfajor pepito x57g;
ALFAJOR TRI SHOT 60g;
alfajor triple bon o bon blanco x60g;
alfajor triple bon o bon negro x60g;
alfajor triple cofler block x60g;
alfajor triple cofler choco creamy x60g;
alfredo roca x750ml;
americano gancia x950ml;
AMOR 110g;
andes origen x473cm3;
aperintivo manzon;
ARCOR NARAJAN X1L;
ARROZ RENDIDOR;
BARRA PROTEICA ARAND. Y CHOCO;
BARRA PROTEICA ARVEJA Y CHOC;
batido con crema;
batidos s/crema;
BIDON DE AGUA LH 8L;
bodega argana x750ml;
bolsa de hielo;
bon o bon vaso de 1L;
boxer red;
brahma x1l;
brahma x473cm3;
brahma x710cm3;
Brama de 1 litro ;
budin natale x170g;
budiveiser x710cm3;
caipiroska vaso de 1L;
california vino tinto x3000ml;
canciller blend dulce x1125ml;
CARBON NOROSO;
caritas de cremas;
cerveza corona x473cm3;
chandon baron b;
chandon extra brut x750ml;
chandon MUMM;
chandon x750ml ;
cheetos ondulados sabor queso crema x85g;
cheetos original sabor queso x85g;
chicle blong sabor frambruesa;
chicle blong sabor menta;
chicle blong sabor tutti frutti;
chimola set de arte x51 piezas;
chocolate daqui max x120g;
chocolate nestle choco trio x90g;
chocolate nestle classico blanco x80g;
chocolate nestle crunch negro x80g;
chocolate nestle negro classico x80g;
chocolinas 170g;
chocolinas original x250g;
cigarrillos sueltos;
cintas crocantes sabor cebolla x125;
cintas crocantes sabor cheddar x125g;
cintas crocantes sabor clasica x125g;
cintas crocantes sabor jalapeño y limon x125g;
cintas crocantes sabor jamon x125g ;
cintas crocantes sabor pancho c/mostaza x125g;
cintas crocantes sabor provoleta x125g;
cintas crocantes sabor queso x125g;
cintas crocantes sabor salame x125g;
Cintitas sabor asado ;
Cintitas sabor ketchup;
Cintitas sabor pizza ;
COCA COLA 2,25L;
coca cola x1,5l;
COCA COLA X1L;
COCA COLA X2,5L;
COCA COLA X500ML;
coca de 500;
coca de litro ;
conos de 1 bocha;
conos de 2 bochas;
cordero con piel de lobo malbec x750ml;
corona 710;
cucurucho dulce de 2 bochas;
cucurucho dulce de 3 bochas;
daiquiri vaso de 1L;
Damajuana 3litros;
diversion surtido x400g;
doritos dinamita extra flamin'hot x82g;
doritos dinamita flamin'hot x82g;
doritos sweet chjlj x74g;
dr.lemon limon x1l;
dr.lemon vodka x1l;
eclipse vino espumante x750ml;
el gran loco blend x750ml ;
ENCENDEDOR CANDELA;
encendedores cancun;
escorihuela gascon malbec x750ml;
FANTA NARANJA X1,5L;
FANTA NARANJA X2,25L;
fernet 750ml;
FERNET BRANCA x 750ml;
FERNET BUHERO ;
fernet vaso de 1L;
finca natalia malbec x2 botella de x750cc;
frizze blue x1l;
galleta criollitas s/sal x169g;
galleta leiva sandwich clasicas x110g;
galleta travieta x108g;
gancia 950ml;
gaona pepas de membrillo x300g;
gatorade cool blue x1,25l;
gatorade naranja x500ml;
geeleet triple hoja;
geitore 750;
GILLETTE ULTRAGRIP 2;
gin paff vaso de 1L;
gin tonic vaso de 1L;
GO! SUELTOS;
gomitas;
GRASA 1kg;
GRASA 500g;
H2OH SINGAS X500ML;
hamburguesas;
HARINA 000 ;
HARINA LEUDANTE PUREZA;
helle sunshine acesorios;
hellmann's ketchup x60g;
juan d´ juana malbec x750ml;
JUGO BALANCE PERA1,5L;
jugo en sobre tang sabor uva x15g;
jugo pindapoy multifruta 1l;
jugo placer manzana 1,5l;
JUGO PLACER NARANJA X1,5L;
jugo placer naranja x500ml;
jugo placer pera x500ml;
JUGO PLACER POMELO 1,5L;
jugo placer pomelo x500ml;
lata de manaos ;
latas de 1890;
latas de d.lemos;
lays barbacoa x77g;
lays clasicas x134g;
lays clasicas x85g;
lays flamin'hot x70g;
lays sabor jamon serrano x77g;
lays sabor panceta x77g;
lays sabor provoleta x77g;
lays sabor queso crema y cebolla x77g;
LECHE APOSTOLES ;
lemon champ vaso de 1L;
libretas de capybara ;
libretas de kuromi ;
LICORES ARTESANALES;
magdalenas Gaona frutilla;
magdalenas Gaona naranja c/chips;
magdalenas rellenas c/chocolate x200g;
magdalenas rellenas c/dulce de leche x200g;
manaos 2.25 ;
manaos agua tonica ;
manaos cola x 2,25L;
MANAOS COLA X354L;
MANAOS LIMA LIMON 2,25L;
manaos lima limon 354cm;
MANAOS NARANJA 2,25L;
manaos naranja x354cm3;
manaos placer anana 1,5l;
manaos placer pomelo rosado 1,5l;
MANAOS POMELO BLANCO 2,25L;
MANAOS POMELO BLANCO X354CM3;
manaus de 600 chica ;
marcianitos congelados;
mellizas sabor limon x110g;
menoyo mayonesa x94g;
milenio comun;
milenio mentolado ;
milenio verde ;
mill comun;
mogul extreme lenguamax x15;
mumm cuvee reserve x750ml;
mumm leger x750ml;
nevares oblea sabor chcolate x80g;
nevares oblea sabor vainilla x80g;
nevares obleas sabor frutilla x80g;
nevares obleas sabor limon x80g;
obleas banana split x100g;
OPERA 55g;
panchos;
PAPEL HIG OKEY SUELTO;
papelillo ;
patagonia 24.7 x730cm3;
patagonia vera ipa x473cm3;
patagonia vera ipax730cm3;
pebete chico;
pebetes grandes;
PEPEL HIG. OKEY X4;
pepsi 2 litros ;
PEPSI X354ML;
perro callejero x750ml;
PETACAS;
pindapoy durazno 1l;
PINDAPOY NARANJA X1L;
pipas clasicas x18g;
pizzetas;
polvorita sabor vainilla x81g;
postres ;
pote de 1 kilo;
pote de 1/2 kg;
pote de 1/4 kg;
pote de x150g;
pritti de 2.25;
prueba 2;
Prueba de Adrian;
q version labubu ;
quilmes clasica x710cm3;
Quilmes de 1 litro;
quilmes x1l;
ramos de golosinas;
rapsodia minitorta x80g;
rojo naranja x473ml;
RUMBA 110g;
SAL COLOSAL ;
saladix sabor calabresa x100g;
sandwich de miga x unidad;
sandwich de miga x3;
savora original x60g;
SECCO  COLA 2,25L;
SECCO LIMA LIMON X2,25L;
SECCO POMELO INTESO X2,25L;
SECCO TONICA X1,5L;
seco 2.25;
seco 3 litros;
seitu extra acido palito de agua;
seitu fan palito de agua sabor uva;
seitu fan palitos de agua sabor frutilla;
seitu giovi palito de crema sabor frutilla;
seitu giovi supercrema;
seitu palito de agua sabor limon;
serranitas packx3  x315g;
SERVILLETA OKEY X3;
sidra 7.20;
sidra del valle anana fizz x720cc;
sidra del valle x720cc;
sidra la victoria x720ml;
sidra sin alcohol;
SINFONIA NARANJA Y CHOC;
sinfonia oblea clasicas x100g;
sinfonia oblea coco y dulce de leche x100g;
snack aritos de harina de maiz tunkix80g;
snack bolitas de harina de maiz tunki x80g;
soda de 2 litros ;
SODA MANAOS 2L;
speed 250ml;
sprite 2,25l;
SPRITE LIMA LIMON 2,5L;
SPRITE LIMA LIMON X1,5L;
SPRITE LIMA LIMON X1L;
stella artois 473cm;
stella artois sin alcohol 473cm;
stella artois x710cm3;
stikers de capybara ;
surtidas valenciano ;
tartas de jamon y queso xporciones;
TE CHAI TARAGUI;
TE TARAGUI FRUTOS ROJOS;
terma 1.35;
toallas higienicas linas x8un.;
toro tinto caja ;
TUTTI MULTIFRUTAL X200ML;
VAINILLAS POZO;
vasos de gomitas x600g;
vi¤a de balbo x1125ml;
vino botella canciller;
vino canciller blanco;
vino clasico finca Natalia;
vino cosecha tarda;
VINO DON VALENTIN;
vino estancia mendoza;
vino finca Natalia;
VINO FINCA NATALINA;
VINO FINCA NATALINA MERLOT;
vino flama rosado 1l;
VINO MALBEC BODEGA PRIVADA;
VINO OVEJA BLACK;
vino profugo;
VINO PROFUGO ;
vino prutuelo;
vino resero tinto;
VINO SENSEI;
VINO SIN PALABRAS;
vino tinto resero x1l;
vino tinto toro x1l;
vino toro blanco ;
vino toro caja;
vino viña balbo;
vino viña mayor;
vodka arandanos y uva x1l;
VODKA NEW STYLE CITRUS;
VODKA NEW STYLE MARACUYA;
vodka vaso de 1L;
w doble;
yerba mañanita;
yerba mate playadito x500g;
yerba mate taragui x500g;
Total general;
